code,date,open,high,low,close,change,volume,money,traded_market_value,market_value,turnover,adjust_price
sh600000,2014/12/31,15.45,15.79,15.11,15.69,0.021484,468832339,7271524766,2.34138E+11,2.92673E+11,0.031417,130.254642
sh600000,2014/12/30,14.95,15.5,14.83,15.36,0.027425,443655559,6774519460,2.29214E+11,2.86517E+11,0.02973,127.515107
sh600000,2014/12/29,15.4,15.88,14.71,14.95,0.012187,625216146,9556435997,2.23096E+11,2.78869E+11,0.041897,124.111353
sh600000,2014/12/26,14.3,14.84,14.19,14.77,0.036491,466983121,6790353352,2.20409E+11,2.75512E+11,0.031293,122.61702
sh600000,2014/12/25,13.75,14.27,13.53,14.25,0.058692,455721907,6359588287,2.1265E+11,2.65812E+11,0.030539,118.30013
sh600000,2014/12/24,14.11,14.2,13.31,13.46,-0.046067,417579539,5715187854,2.00861E+11,2.51076E+11,0.027983,111.741781
sh600000,2014/12/23,14.4,14.98,14.08,14.11,-0.038828,441578783,6398625351,2.1056E+11,2.632E+11,0.029591,117.137976
sh600000,2014/12/22,14.18,15.2,14.14,14.68,0.041874,683449513,10043569171,2.19066E+11,2.73833E+11,0.045799,121.869942
sh600000,2014/12/19,13.96,14.2,13.63,14.09,0.014399,436244208,6099396161,2.10262E+11,2.62827E+11,0.029233,116.971863
sh600000,2014/12/18,14.22,14.34,13.71,13.89,-0.015592,499627853,7010664184,2.07277E+11,2.59097E+11,0.033481,115.311493
sh600000,2014/12/17,13.49,14.39,13.33,14.11,0.061701,869703585,12037657249,2.1056E+11,2.632E+11,0.05828,117.137907
sh600000,2014/12/16,12.7,13.3,12.65,13.29,0.041536,438688005,5706439860,1.98324E+11,2.47905E+11,0.029397,110.33041
sh600000,2014/12/15,12.8,12.82,12.46,12.76,-0.016949,335025414,4232421865,1.90415E+11,2.38018E+11,0.022451,105.930482
sh600000,2014/12/12,13.05,13.38,12.78,12.98,-0.005364,310558743,4067040277,1.93698E+11,2.42122E+11,0.020811,107.756853
sh600000,2014/12/11,12.96,13.55,12.85,13.05,-0.008359,442571181,5847503446,1.94742E+11,2.43428E+11,0.029657,108.337977
sh600000,2014/12/10,12.7,13.25,12.21,13.16,0.040316,620272395,7901267906,1.96384E+11,2.4548E+11,0.041565,109.251208
sh600000,2014/12/9,13.56,14.16,12.46,12.65,-0.083997,869193775,11788051418,1.88773E+11,2.35966E+11,0.058246,105.01733
sh600000,2014/12/8,13.39,14.04,13.2,13.81,0.020695,703922500,9622363300,2.06084E+11,2.57604E+11,0.047171,114.647364
sh600000,2014/12/5,13.42,14,12.9,13.53,0.019593,859647616,11553890777,2.01905E+11,2.52381E+11,0.057606,112.322843
sh600000,2014/12/4,12.58,13.3,12.37,13.27,0.054849,720041669,9307946036,1.98025E+11,2.47532E+11,0.048251,110.164392
sh600000,2014/12/3,12.84,13.29,12.32,12.58,-0.022533,730561448,9380076839,1.87729E+11,2.34661E+11,0.048956,104.436173
sh600000,2014/12/2,12.03,13.08,12.03,12.87,0.058388,589371031,7404591089,1.92056E+11,2.4007E+11,0.039495,106.843681
sh600000,2014/12/1,12.45,12.98,12.12,12.16,-0.019355,607270363,7590567304,1.81461E+11,2.26826E+11,0.040694,100.949445
sh600000,2014/11/28,11.53,12.48,11.48,12.4,0.080139,832183256,9950390236,1.85042E+11,2.31303E+11,0.055766,102.941885
sh600000,2014/11/27,11.48,11.72,11.28,11.48,0.014134,439738276,5062406815,1.71313E+11,2.14142E+11,0.029468,95.304294
sh600000,2014/11/26,11.25,11.43,11.1,11.32,0.021661,452263345,5092828904,1.68926E+11,2.11157E+11,0.030307,93.976037
sh600000,2014/11/25,10.81,11.09,10.75,11.08,0.020258,289490093,3159162410,1.65344E+11,2.0668E+11,0.019399,91.983581
sh600000,2014/11/24,10.57,10.99,10.45,10.86,0.006487,474049927,5090821659,1.62061E+11,2.02577E+11,0.031767,90.157177
sh600000,2014/11/21,10.58,10.82,10.46,10.79,0.020814,209997641,2234174865,1.61017E+11,2.01271E+11,0.014072,89.576096
sh600000,2014/11/20,10.45,10.66,10.37,10.57,0.009551,162402495,1709647461,1.57734E+11,1.97167E+11,0.010883,87.749675
sh600000,2014/11/19,10.43,10.54,10.39,10.47,0.001914,145326646,1518565385,1.56241E+11,1.95302E+11,0.009739,86.919507
sh600000,2014/11/18,10.75,10.8,10.43,10.45,-0.027907,254900899,2687326957,1.55943E+11,1.94929E+11,0.017081,86.75346
sh600000,2014/11/17,10.94,11.08,10.73,10.75,-0.013761,214519835,2329015774,1.6042E+11,2.00525E+11,0.014375,89.243992
sh600000,2014/11/14,10.88,10.98,10.75,10.9,-0.003656,198414346,2154897404,1.62658E+11,2.03323E+11,0.013296,90.489215
sh600000,2014/11/13,11.1,11.38,10.86,10.94,-0.009955,371263986,4115769395,1.63255E+11,2.04069E+11,0.024879,90.821257
sh600000,2014/11/12,10.85,11.07,10.74,11.05,0.011905,271038574,2961655250,1.64897E+11,2.06121E+11,0.018163,91.734474
sh600000,2014/11/11,10.62,11.26,10.62,10.92,0.035071,653738973,7163875483,1.62957E+11,2.03696E+11,0.043808,90.655223
sh600000,2014/11/10,10.53,10.81,10.42,10.55,0.036346,489376864,5168943744,1.57435E+11,1.96794E+11,0.032794,87.58358
sh600000,2014/11/7,10.01,10.39,9.98,10.18,0.014955,407114119,4155058255,1.51914E+11,1.89892E+11,0.027281,84.51191
sh600000,2014/11/6,10.01,10.04,9.95,10.03,0.004004,101863094,1018619320,1.49675E+11,1.87094E+11,0.006826,83.266657
sh600000,2014/11/5,10.08,10.11,9.96,9.99,-0.007944,157561422,1578932517,1.49079E+11,1.86348E+11,0.010558,82.934587
sh600000,2014/11/4,10.2,10.2,10.02,10.07,-0.008858,163212641,1645394573,1.50272E+11,1.8784E+11,0.010937,83.598695
sh600000,2014/11/3,10.25,10.28,10.1,10.16,-0.003922,248371619,2525984147,1.51615E+11,1.89519E+11,0.016644,84.34583
sh600000,2014/10/31,9.88,10.38,9.85,10.2,0.039755,491064711,4953082712,1.52212E+11,1.90265E+11,0.032907,84.677937
sh600000,2014/10/30,9.72,9.85,9.65,9.81,0.01134,176780522,1722710639,1.46392E+11,1.82991E+11,0.011846,81.440279
sh600000,2014/10/29,9.61,9.75,9.57,9.7,0.01147,161050635,1555124009,1.44751E+11,1.80939E+11,0.010792,80.527101
sh600000,2014/10/28,9.5,9.61,9.5,9.59,0.012672,101044054,965189350,1.43109E+11,1.78887E+11,0.006771,79.61393
sh600000,2014/10/27,9.62,9.63,9.4,9.47,-0.021694,138929487,1323460330,1.41319E+11,1.76648E+11,0.00931,78.617686
sh600000,2014/10/24,9.77,9.79,9.66,9.68,-0.007179,108312657,1054022659,1.44452E+11,1.80566E+11,0.007258,80.361039
sh600000,2014/10/23,9.78,9.88,9.72,9.75,-0.003067,118416324,1159897472,1.45497E+11,1.81871E+11,0.007935,80.942122
sh600000,2014/10/22,9.79,9.88,9.75,9.78,0,91092137,893481676,1.45945E+11,1.82431E+11,0.006104,81.191135
sh600000,2014/10/21,9.89,9.91,9.76,9.78,-0.012121,105290636,1034461912,1.45945E+11,1.82431E+11,0.007056,81.191135
sh600000,2014/10/20,9.93,9.95,9.82,9.9,0.005076,114718758,1133473887,1.47735E+11,1.84669E+11,0.007687,82.187328
sh600000,2014/10/17,9.88,10,9.75,9.85,-0.004044,161019857,1588282410,1.46989E+11,1.83737E+11,0.01079,81.772252
sh600000,2014/10/16,9.74,10.04,9.7,9.89,0.010215,296366859,2936900132,1.47586E+11,1.84483E+11,0.01986,82.104282
sh600000,2014/10/15,9.72,9.85,9.64,9.79,0.007202,133922265,1304901629,1.46094E+11,1.82617E+11,0.008974,81.274067
sh600000,2014/10/14,9.72,9.82,9.69,9.72,-0.001028,84002904,818017648,1.45049E+11,1.81312E+11,0.005629,80.692917
sh600000,2014/10/13,9.79,9.83,9.68,9.73,-0.010173,109831220,1069089803,1.45199E+11,1.81498E+11,0.00736,80.775955
sh600000,2014/10/10,9.8,9.91,9.77,9.83,-0.00203,133030186,1308626408,1.46691E+11,1.83364E+11,0.008915,81.606134
sh600000,2014/10/9,9.85,9.94,9.81,9.85,0.001016,130968217,1293022527,1.46989E+11,1.83737E+11,0.008776,81.772131
sh600000,2014/10/8,9.78,9.85,9.73,9.84,0.009231,142724444,1398725077,1.4684E+11,1.8355E+11,0.009564,81.689135
sh600000,2014/9/30,9.78,9.8,9.7,9.75,-0.001025,105093276,1023862494,1.45497E+11,1.81871E+11,0.007042,80.94196
sh600000,2014/9/29,9.75,9.81,9.72,9.76,0.004115,121763013,1188241034,1.45646E+11,1.82058E+11,0.00816,81.02501
sh600000,2014/9/26,9.69,9.74,9.64,9.72,0.00103,80598327,781818068,1.45049E+11,1.81312E+11,0.005401,80.692959
sh600000,2014/9/25,9.79,9.83,9.68,9.71,-0.005123,137216320,1340440535,1.449E+11,1.81125E+11,0.009195,80.609931
sh600000,2014/9/24,9.61,9.79,9.59,9.76,0.013499,152637326,1480725849,1.45646E+11,1.82058E+11,0.010228,81.025022
sh600000,2014/9/23,9.61,9.69,9.6,9.63,0.002081,88224150,850252148,1.43706E+11,1.79633E+11,0.005912,79.945833
sh600000,2014/9/22,9.83,9.83,9.61,9.61,-0.024365,155546883,1505934022,1.43408E+11,1.7926E+11,0.010423,79.779811
sh600000,2014/9/19,9.72,9.91,9.7,9.85,0.012333,286004782,2816151314,1.46989E+11,1.83737E+11,0.019166,81.772191
sh600000,2014/9/18,9.56,9.75,9.53,9.73,0.016719,218993865,2119148592,1.45199E+11,1.81498E+11,0.014675,80.77598
sh600000,2014/9/17,9.63,9.66,9.53,9.57,-0.005198,116577448,1116528160,1.42811E+11,1.78514E+11,0.007812,79.447694
sh600000,2014/9/16,9.65,9.76,9.59,9.62,0.002083,222751521,2154511976,1.43557E+11,1.79446E+11,0.014927,79.862821
sh600000,2014/9/15,9.56,9.64,9.51,9.6,0,99444466,950656348,1.43259E+11,1.79073E+11,0.006664,79.696813
sh600000,2014/9/12,9.61,9.61,9.53,9.6,0,80296496,768304362,1.43259E+11,1.79073E+11,0.005381,79.696813
sh600000,2014/9/11,9.6,9.73,9.57,9.6,0.001043,119763193,1152958001,1.43259E+11,1.79073E+11,0.008026,79.696813
sh600000,2014/9/10,9.65,9.66,9.57,9.59,-0.01134,111659515,1073076812,1.43109E+11,1.78887E+11,0.007482,79.613776
sh600000,2014/9/9,9.75,9.82,9.68,9.7,-0.004107,123866063,1205605803,1.44751E+11,1.80939E+11,0.0083,80.526951
sh600000,2014/9/5,9.73,9.78,9.69,9.74,0.00309,126925907,1234561990,1.45348E+11,1.81685E+11,0.008506,80.85904
sh600000,2014/9/4,9.7,9.72,9.63,9.71,0.003099,98919202,956753811,1.449E+11,1.81125E+11,0.006629,80.609955
sh600000,2014/9/3,9.63,9.74,9.62,9.68,0.008333,128588110,1244849632,1.44452E+11,1.80566E+11,0.008617,80.360916
sh600000,2014/9/2,9.51,9.63,9.46,9.6,0.011591,128705724,1227884244,1.43259E+11,1.79073E+11,0.008625,79.696803
sh600000,2014/9/1,9.49,9.52,9.44,9.49,0.002112,68578076,650654489,1.41617E+11,1.77021E+11,0.004596,78.783622
sh600000,2014/8/29,9.4,9.48,9.36,9.47,0.011752,53881605,507394707,1.41319E+11,1.76648E+11,0.003611,78.617582
sh600000,2014/8/28,9.45,9.45,9.36,9.36,-0.009524,70289162,661133087,1.39677E+11,1.74596E+11,0.00471,77.704399
sh600000,2014/8/27,9.45,9.5,9.43,9.45,-0.001057,54628769,516864196,1.4102E+11,1.76275E+11,0.003661,78.451572
sh600000,2014/8/26,9.43,9.5,9.41,9.46,0.002119,85213616,804802442,1.41169E+11,1.76462E+11,0.00571,78.534583
sh600000,2014/8/25,9.52,9.53,9.42,9.44,-0.010482,90596114,856940044,1.40871E+11,1.76089E+11,0.006071,78.36852
sh600000,2014/8/22,9.5,9.58,9.47,9.54,0.004211,76885741,733185581,1.42363E+11,1.77954E+11,0.005152,79.198681
sh600000,2014/8/21,9.64,9.65,9.43,9.5,-0.014523,118057183,1123688998,1.41766E+11,1.77208E+11,0.007911,78.866574
sh600000,2014/8/20,9.71,9.71,9.63,9.64,-0.007209,70135543,677452354,1.43856E+11,1.79819E+11,0.0047,80.028833
sh600000,2014/8/19,9.78,9.78,9.64,9.71,-0.001029,99796164,968114276,1.449E+11,1.81125E+11,0.006688,80.60995
sh600000,2014/8/18,9.69,9.81,9.67,9.72,0.004132,96111663,933999548,1.45049E+11,1.81312E+11,0.006441,80.692983
sh600000,2014/8/15,9.63,9.7,9.58,9.68,0.008333,83507836,806096135,1.44452E+11,1.80566E+11,0.005596,80.360931
sh600000,2014/8/14,9.63,9.68,9.58,9.6,-0.001041,102325664,986409896,1.43259E+11,1.79073E+11,0.006857,79.696818
sh600000,2014/8/13,9.64,9.68,9.53,9.61,-0.003112,97201687,932751444,1.43408E+11,1.7926E+11,0.006514,79.779869
sh600000,2014/8/12,9.69,9.7,9.6,9.64,-0.006186,80856190,779243625,1.43856E+11,1.79819E+11,0.005418,80.028919
sh600000,2014/8/11,9.57,9.73,9.57,9.7,0.016771,99902317,966146824,1.44751E+11,1.80939E+11,0.006695,80.527059
sh600000,2014/8/8,9.56,9.6,9.5,9.54,-0.002092,120982762,1154961190,1.42363E+11,1.77954E+11,0.008107,79.198816
sh600000,2014/8/7,9.75,9.78,9.55,9.56,-0.01848,141244203,1363312806,1.42662E+11,1.78327E+11,0.009465,79.364847
sh600000,2014/8/6,9.83,9.83,9.66,9.74,-0.013171,134531042,1309646598,1.45348E+11,1.81685E+11,0.009015,80.859124
sh600000,2014/8/5,9.92,9.95,9.8,9.87,-0.00504,116942080,1154644403,1.47288E+11,1.8411E+11,0.007836,81.938333
sh600000,2014/8/4,9.82,9.94,9.73,9.92,0.016393,167001355,1646470442,1.48034E+11,1.85042E+11,0.011191,82.353394
sh600000,2014/8/1,9.77,9.96,9.74,9.76,-0.004082,199316283,1966817233,1.45646E+11,1.82058E+11,0.013357,81.025149
sh600000,2014/7/31,9.69,9.81,9.66,9.8,0.009269,113003643,1098506207,1.46243E+11,1.82804E+11,0.007573,81.357249
sh600000,2014/7/30,9.89,9.92,9.67,9.71,-0.007157,182728243,1785992158,1.449E+11,1.81125E+11,0.012245,80.610075
sh600000,2014/7/29,9.8,9.88,9.72,9.78,0.002049,203049428,1989649789,1.45945E+11,1.82431E+11,0.013607,81.19116
sh600000,2014/7/28,9.44,9.83,9.44,9.76,0.039404,315856664,3067199388,1.45646E+11,1.82058E+11,0.021166,81.025139
sh600000,2014/7/25,9.38,9.44,9.3,9.39,0.007511,134460946,1259192307,1.40125E+11,1.75156E+11,0.00901,77.953461
sh600000,2014/7/24,9.09,9.38,9.09,9.32,0.026432,235007435,2179260251,1.3908E+11,1.7385E+11,0.015748,77.372318
sh600000,2014/7/23,9.04,9.14,9.04,9.08,0.002208,95071892,864070613,1.35499E+11,1.69374E+11,0.006371,75.379877
sh600000,2014/7/22,8.96,9.1,8.96,9.06,0.008909,101186449,915202973,1.352E+11,1.69E+11,0.006781,75.213805
sh600000,2014/7/21,9.01,9.02,8.97,8.98,-0.004435,43394538,390236857,1.34007E+11,1.67508E+11,0.002908,74.549642
sh600000,2014/7/18,8.98,9.05,8.96,9.02,0.003337,60143570,542519442,1.34603E+11,1.68254E+11,0.00403,74.881742
sh600000,2014/7/17,9.03,9.04,8.97,8.99,-0.003326,43076122,387416765,1.34156E+11,1.67695E+11,0.002887,74.632693
sh600000,2014/7/16,9.01,9.05,9,9.02,0.00111,57758013,521218620,1.34603E+11,1.68254E+11,0.00387,74.88175
sh600000,2014/7/15,9.01,9.02,8.98,9.01,0.001111,57331618,515793884,1.34454E+11,1.68068E+11,0.003842,74.798723
sh600000,2014/7/14,8.93,9.01,8.9,9,0.006711,50192334,449273967,1.34305E+11,1.67881E+11,0.003363,74.715714
sh600000,2014/7/11,8.92,8.99,8.91,8.94,0.002242,58461216,523490703,1.3341E+11,1.66762E+11,0.003918,74.217639
sh600000,2014/7/10,8.92,8.95,8.9,8.92,0,43284795,386256083,1.33111E+11,1.66389E+11,0.002901,74.051616
sh600000,2014/7/9,9.05,9.05,8.91,8.92,-0.014365,75829647,680803744,1.33111E+11,1.66389E+11,0.005081,74.051616
sh600000,2014/7/8,9.05,9.06,9.01,9.05,0,52592964,475316192,1.35051E+11,1.68814E+11,0.003524,75.130871
sh600000,2014/7/7,9.07,9.08,9.03,9.05,-0.002205,42831405,387738016,1.35051E+11,1.68814E+11,0.00287,75.130871
sh600000,2014/7/4,9.08,9.09,9.05,9.07,0,47263941,428330850,1.3535E+11,1.69187E+11,0.003167,75.2969
sh600000,2014/7/3,9.06,9.09,9.03,9.07,0.001104,64553232,585009384,1.3535E+11,1.69187E+11,0.004326,75.2969
sh600000,2014/7/2,9.06,9.09,9.02,9.06,0,41262790,373724765,1.352E+11,1.69E+11,0.002765,75.213864
sh600000,2014/7/1,9.08,9.1,9.01,9.06,0.001105,42584500,385288815,1.352E+11,1.69E+11,0.002854,75.213864
sh600000,2014/6/30,8.98,9.08,8.98,9.05,0.008919,52645089,476195578,1.35051E+11,1.68814E+11,0.003528,75.130845
sh600000,2014/6/27,8.99,9.02,8.96,8.97,-0.002225,42713239,383829267,1.33857E+11,1.67322E+11,0.002862,74.466676
sh600000,2014/6/26,8.98,9.04,8.98,8.99,0.001114,43052470,387941139,1.34156E+11,1.67695E+11,0.002885,74.632734
sh600000,2014/6/25,9.05,9.05,8.97,8.98,-0.006637,46797781,421074930,1.34007E+11,1.67508E+11,0.003136,74.549686
sh600000,2014/6/24,9.05,9.09,9.01,9.04,0.00414,83305537,753572842,1.34902E+11,1.68627E+11,0.005582,75.047778
sh600000,2014/6/23,9.71,9.77,9.63,9.66,-0.004124,86019554,834638557,1.44154E+11,1.80193E+11,0.005764,74.738361
sh600000,2014/6/20,9.64,9.71,9.62,9.7,0.006224,57665733,557096336,1.44751E+11,1.80939E+11,0.003864,75.047859
sh600000,2014/6/19,9.74,9.81,9.6,9.64,-0.00925,68906460,668029792,1.43856E+11,1.79819E+11,0.004618,74.58365
sh600000,2014/6/18,9.73,9.77,9.71,9.73,0,66459996,647470882,1.45199E+11,1.81498E+11,0.004454,75.27999
sh600000,2014/6/17,9.83,9.83,9.71,9.73,-0.008155,91317081,892676102,1.45199E+11,1.81498E+11,0.006119,75.27999
sh600000,2014/6/16,9.73,9.87,9.69,9.81,0.008222,118477367,1159724313,1.46392E+11,1.82991E+11,0.007939,75.898946
sh600000,2014/6/13,9.55,9.78,9.54,9.73,0.019916,129624894,1256394771,1.45199E+11,1.81498E+11,0.008686,75.279994
sh600000,2014/6/12,9.57,9.59,9.52,9.54,-0.005214,42917693,410062037,1.42363E+11,1.77954E+11,0.002876,73.809994
sh600000,2014/6/11,9.59,9.63,9.55,9.59,-0.004154,46334806,444252120,1.43109E+11,1.78887E+11,0.003105,74.196856
sh600000,2014/6/10,9.59,9.65,9.52,9.63,0.009434,68256823,655798665,1.43706E+11,1.79633E+11,0.004574,74.506356
sh600000,2014/6/9,9.46,9.67,9.46,9.54,0.003155,58231714,557813036,1.42363E+11,1.77954E+11,0.003902,73.810032
sh600000,2014/6/6,9.6,9.62,9.45,9.51,-0.011435,53426017,509267444,1.41916E+11,1.77395E+11,0.00358,73.577893
sh600000,2014/6/5,9.45,9.63,9.43,9.62,0.017989,56500335,538639270,1.43557E+11,1.79446E+11,0.003786,74.428989
sh600000,2014/6/4,9.55,9.56,9.4,9.45,-0.009434,86246408,816293703,1.4102E+11,1.76275E+11,0.00578,73.113746
sh600000,2014/6/3,9.59,9.64,9.53,9.54,-0.003135,70641283,677281784,1.42363E+11,1.77954E+11,0.004734,73.81007
sh600000,2014/5/30,9.62,9.63,9.55,9.57,-0.005198,69096841,662738428,1.42811E+11,1.78514E+11,0.00463,74.042192
sh600000,2014/5/29,9.68,9.72,9.6,9.62,-0.006198,75258524,726796770,1.43557E+11,1.79446E+11,0.005043,74.429075
sh600000,2014/5/28,9.66,9.72,9.6,9.68,0.00207,92478303,892246146,1.44452E+11,1.80566E+11,0.006197,74.893263
sh600000,2014/5/27,9.73,9.74,9.62,9.66,-0.008214,74436155,720820152,1.44154E+11,1.80193E+11,0.004988,74.738554
sh600000,2014/5/26,9.76,9.78,9.69,9.74,0.004124,54108963,526560774,1.45348E+11,1.81685E+11,0.003626,75.357541
sh600000,2014/5/23,9.61,9.7,9.59,9.7,0.010417,47057342,454096750,1.44751E+11,1.80939E+11,0.003153,75.048043
sh600000,2014/5/22,9.59,9.73,9.57,9.6,0,71688611,692799602,1.43259E+11,1.79073E+11,0.004804,74.274327
sh600000,2014/5/21,9.52,9.61,9.41,9.6,0.005236,54298040,517810696,1.43259E+11,1.79073E+11,0.003639,74.274327
sh600000,2014/5/20,9.56,9.6,9.48,9.55,0.003151,64057749,610778785,1.42513E+11,1.78141E+11,0.004293,73.887453
sh600000,2014/5/19,9.72,9.72,9.47,9.52,-0.02359,137405978,1314192261,1.42065E+11,1.77581E+11,0.009208,73.655365
sh600000,2014/5/16,9.7,9.8,9.7,9.75,0.002055,57142230,556664624,1.45497E+11,1.81871E+11,0.003829,75.434873
sh600000,2014/5/15,9.79,9.83,9.71,9.73,-0.008155,70426925,688077256,1.45199E+11,1.81498E+11,0.004719,75.280172
sh600000,2014/5/14,9.89,9.92,9.78,9.81,-0.009091,114355129,1124734340,1.46392E+11,1.82991E+11,0.007663,75.89913
sh600000,2014/5/13,9.9,9.94,9.83,9.9,-0.003021,66182545,653997051,1.47735E+11,1.84669E+11,0.004435,76.595459
sh600000,2014/5/12,9.85,9.96,9.79,9.93,0.017418,129589586,1282666102,1.48183E+11,1.85229E+11,0.008684,76.827555
sh600000,2014/5/9,9.75,9.82,9.69,9.76,0.001026,74829332,731563193,1.45646E+11,1.82058E+11,0.005014,75.512282
sh600000,2014/5/8,9.66,9.87,9.64,9.75,0.009317,95225892,930740681,1.45497E+11,1.81871E+11,0.006381,75.434886
sh600000,2014/5/7,9.69,9.75,9.64,9.66,-0.004124,55972788,542274520,1.44154E+11,1.80193E+11,0.003751,74.738547
sh600000,2014/5/6,9.7,9.8,9.67,9.7,-0.004107,58797626,572224197,1.44751E+11,1.80939E+11,0.00394,75.048045
sh600000,2014/5/5,9.77,9.79,9.58,9.74,-0.003071,103509079,1001815675,1.45348E+11,1.81685E+11,0.006936,75.357539
sh600000,2014/4/30,9.98,10.02,9.76,9.77,-0.003061,142558919,1407065796,1.45796E+11,1.82244E+11,0.009553,75.589674
sh600000,2014/4/29,9.67,9.82,9.65,9.8,0.013444,88443328,859931423,1.46243E+11,1.82804E+11,0.005927,75.821765
sh600000,2014/4/28,9.82,9.87,9.65,9.67,-0.017276,123425122,1198581012,1.44303E+11,1.80379E+11,0.008271,74.815939
sh600000,2014/4/25,9.92,10.06,9.82,9.84,-0.00304,180573527,1794439412,1.4684E+11,1.8355E+11,0.012101,76.131182
sh600000,2014/4/24,9.9,9.98,9.85,9.87,-0.001012,82309479,815388785,1.47288E+11,1.8411E+11,0.005516,76.363326
sh600000,2014/4/23,9.85,10,9.83,9.88,-0.00202,136419564,1352733686,1.47437E+11,1.84296E+11,0.009142,76.440684
sh600000,2014/4/22,9.68,9.92,9.66,9.9,0.019567,141231411,1385544270,1.47735E+11,1.84669E+11,0.009464,76.595407
sh600000,2014/4/21,9.74,9.96,9.68,9.71,-0.007157,131392321,1292829716,1.449E+11,1.81125E+11,0.008805,75.125428
sh600000,2014/4/18,9.73,9.81,9.63,9.78,0.002049,115394462,1120720917,1.45945E+11,1.82431E+11,0.007733,75.666976
sh600000,2014/4/17,9.93,9.97,9.74,9.76,-0.014141,147878398,1453030914,1.45646E+11,1.82058E+11,0.00991,75.512252
sh600000,2014/4/16,9.82,9.97,9.81,9.9,0.005076,100765541,997304842,1.47735E+11,1.84669E+11,0.006752,76.595387
sh600000,2014/4/15,10.07,10.08,9.82,9.85,-0.02668,176166147,1746784882,1.46989E+11,1.83737E+11,0.011805,76.208552
sh600000,2014/4/14,10.25,10.29,10.09,10.12,-0.012683,133566631,1356868494,1.51019E+11,1.88773E+11,0.008951,78.29753
sh600000,2014/4/11,10.18,10.32,10.14,10.25,0.001955,187981794,1923682586,1.52958E+11,1.91198E+11,0.012597,79.303335
sh600000,2014/4/10,10.14,10.41,10.03,10.23,0.012871,251774137,2565192729,1.5266E+11,1.90825E+11,0.016872,79.148599
sh600000,2014/4/9,10.12,10.19,10.03,10.1,-0.003945,166971745,1686236313,1.5072E+11,1.884E+11,0.011189,78.142823
sh600000,2014/4/8,9.71,10.31,9.71,10.14,0.042138,389948091,3925146601,1.51317E+11,1.89146E+11,0.026131,78.452317
sh600000,2014/4/4,9.62,9.75,9.57,9.73,0.006205,103710191,1003039509,1.45199E+11,1.81498E+11,0.00695,75.280162
sh600000,2014/4/3,9.94,10,9.64,9.67,-0.027163,202589136,1988726346,1.44303E+11,1.80379E+11,0.013576,74.815929
sh600000,2014/4/2,9.75,10.04,9.71,9.94,0.021583,221487036,2188083753,1.48332E+11,1.85416E+11,0.014842,76.904897
sh600000,2014/4/1,9.66,9.84,9.63,9.73,0.001029,121142230,1177869503,1.45199E+11,1.81498E+11,0.008118,75.280126
sh600000,2014/3/31,9.7,9.77,9.57,9.72,0.005171,117957984,1139701358,1.45049E+11,1.81312E+11,0.007905,75.202742
sh600000,2014/3/28,9.64,9.92,9.6,9.67,-0.002064,235609623,2299182855,1.44303E+11,1.80379E+11,0.015789,74.815869
sh600000,2014/3/27,9.53,9.94,9.48,9.69,0.011482,310183453,3020967368,1.44602E+11,1.80752E+11,0.020786,74.970609
sh600000,2014/3/26,9.78,9.83,9.51,9.58,-0.017436,188654730,1813592755,1.4296E+11,1.787E+11,0.012642,74.119568
sh600000,2014/3/25,9.76,9.86,9.68,9.75,-0.005102,225324449,2201589731,1.45497E+11,1.81871E+11,0.015099,75.43485
sh600000,2014/3/24,9.89,10.01,9.74,9.8,-0.0091,550938112,5438997560,1.46243E+11,1.82804E+11,0.036919,75.821692
sh600000,2014/3/21,8.98,9.89,8.97,9.89,0.100111,577730146,5543459714,1.47586E+11,1.84483E+11,0.038715,76.518006
sh600000,2014/3/20,8.96,9.2,8.95,8.99,-0.00663,166058733,1510412577,1.34156E+11,1.67695E+11,0.011128,69.554805
sh600000,2014/3/19,8.85,9.07,8.76,9.05,0.017998,93838218,832057181,1.35051E+11,1.68814E+11,0.006288,70.019031
sh600000,2014/3/18,9.22,9.23,8.87,8.89,-0.011123,167965350,1523657836,1.32663E+11,1.65829E+11,0.011256,68.781109
sh600000,2014/3/14,8.78,9.03,8.72,8.99,0.016968,179769247,1602451090,1.34156E+11,1.67695E+11,0.012047,69.554766
sh600000,2014/3/13,8.76,9.13,8.68,8.84,0.03271,198115864,1758751742,1.31917E+11,1.64897E+11,0.013276,68.394253
sh600000,2014/3/12,8.47,8.67,8.39,8.56,0.01182,110468613,942803798,1.27739E+11,1.59674E+11,0.007403,66.227937
sh600000,2014/3/11,8.43,8.53,8.39,8.46,0.00237,71119520,600753236,1.26247E+11,1.57808E+11,0.004766,65.454267
sh600000,2014/3/10,8.67,8.71,8.42,8.44,-0.033219,100335990,859115769,1.25948E+11,1.57435E+11,0.006724,65.299508
sh600000,2014/3/7,8.8,8.91,8.71,8.73,-0.007955,85996638,757643571,1.30276E+11,1.62845E+11,0.005763,67.543226
sh600000,2014/3/6,8.7,8.86,8.62,8.8,0.011494,105221671,920528165,1.3132E+11,1.64151E+11,0.007051,68.084841
sh600000,2014/3/5,8.86,8.88,8.68,8.7,-0.019166,66776262,585846336,1.29828E+11,1.62285E+11,0.004475,67.311166
sh600000,2014/3/4,8.84,8.91,8.68,8.87,0.00226,113473857,994582737,1.32365E+11,1.65456E+11,0.007604,68.626461
sh600000,2014/3/3,8.91,8.92,8.81,8.85,-0.006734,81389991,720619849,1.32067E+11,1.65083E+11,0.005454,68.471715
sh600000,2014/2/28,8.9,9.01,8.8,8.91,-0.003356,75427866,671034442,1.32962E+11,1.66202E+11,0.005055,68.93593
sh600000,2014/2/27,8.9,9.03,8.81,8.94,0.010169,112556009,1005356244,1.3341E+11,1.66762E+11,0.007543,69.168058
sh600000,2014/2/26,8.81,8.89,8.77,8.85,0.002265,79811062,704799663,1.32067E+11,1.65083E+11,0.005348,68.471768
sh600000,2014/2/25,9.01,9.08,8.81,8.83,-0.019978,112988180,1012070329,1.31768E+11,1.6471E+11,0.007572,68.31703
sh600000,2014/2/24,9.2,9.21,8.97,9.01,-0.03014,135269196,1223507891,1.34454E+11,1.68068E+11,0.009065,69.70969
sh600000,2014/2/21,9.39,9.43,9.22,9.29,-0.01065,82312549,765984708,1.38633E+11,1.73291E+11,0.005516,71.876034
sh600000,2014/2/20,9.53,9.73,9.36,9.39,-0.010537,144607391,1379086315,1.40125E+11,1.75156E+11,0.00969,72.649754
sh600000,2014/2/19,9.25,9.57,9.2,9.49,0.024838,150729704,1420983509,1.41617E+11,1.77021E+11,0.010101,73.423416
sh600000,2014/2/18,9.51,9.51,9.23,9.26,-0.027311,131972251,1231564459,1.38185E+11,1.72731E+11,0.008844,71.643925
sh600000,2014/2/17,9.62,9.66,9.48,9.52,-0.007299,107916285,1029473517,1.42065E+11,1.77581E+11,0.007232,73.655531
sh600000,2014/2/14,9.6,9.63,9.51,9.59,-0.001042,80503230,770860231,1.43109E+11,1.78887E+11,0.005395,74.197095
sh600000,2014/2/13,9.48,9.84,9.41,9.6,0.010526,197765140,1901282553,1.43259E+11,1.79073E+11,0.013253,74.274489
sh600000,2014/2/12,9.5,9.64,9.44,9.5,-0.004193,106449343,1012082707,1.41766E+11,1.77208E+11,0.007133,73.50082
sh600000,2014/2/11,9.31,9.68,9.22,9.54,0.026911,212392409,2017636446,1.42363E+11,1.77954E+11,0.014233,73.810306
sh600000,2014/2/10,9.18,9.3,9.16,9.29,0.011983,91573113,848138382,1.38633E+11,1.73291E+11,0.006136,71.87605
sh600000,2014/2/7,9.13,9.18,9.07,9.18,0.001091,51136921,466080896,1.36991E+11,1.71239E+11,0.003427,71.024958
sh600000,2014/1/30,9.27,9.3,9.15,9.17,-0.012917,52508927,485399532,1.36842E+11,1.71052E+11,0.003519,70.947554
sh600000,2014/1/29,9.24,9.31,9.2,9.29,0.010881,71042825,659122848,1.38633E+11,1.73291E+11,0.004761,71.875976
sh600000,2014/1/28,9.12,9.29,9.12,9.19,0.007675,57333618,527187516,1.3714E+11,1.71425E+11,0.003842,71.102312
sh600000,2014/1/27,9.19,9.2,9.1,9.12,-0.011918,69858649,637844251,1.36096E+11,1.7012E+11,0.004681,70.560758
sh600000,2014/1/24,9.17,9.32,9.14,9.23,0.001085,70757205,653717695,1.37737E+11,1.72172E+11,0.004742,71.411844
sh600000,2014/1/23,9.31,9.34,9.21,9.22,-0.012848,63055407,583623058,1.37588E+11,1.71985E+11,0.004225,71.334446
sh600000,2014/1/22,9.18,9.38,9.17,9.34,0.019651,91387277,849733125,1.39379E+11,1.74223E+11,0.006124,72.26288
sh600000,2014/1/21,9.1,9.26,9.09,9.16,0.009923,47596032,436604867,1.36693E+11,1.70866E+11,0.003189,70.870209
sh600000,2014/1/20,9.1,9.13,9.04,9.07,-0.005482,42094792,382309899,1.3535E+11,1.69187E+11,0.002821,70.173874
sh600000,2014/1/17,9.17,9.17,9.07,9.12,-0.006536,66047496,601804105,1.36096E+11,1.7012E+11,0.004426,70.560688
sh600000,2014/1/16,9.22,9.26,9.17,9.18,-0.005417,67204743,618488788,1.36991E+11,1.71239E+11,0.004504,71.024907
sh600000,2014/1/15,9.39,9.4,9.16,9.23,-0.018085,77606643,717370004,1.37737E+11,1.72172E+11,0.005201,71.411744
sh600000,2014/1/14,9.4,9.43,9.25,9.4,0.001065,79710266,744481149,1.40274E+11,1.75343E+11,0.005342,72.727012
sh600000,2014/1/13,9.44,9.47,9.33,9.39,-0.002125,65935363,618500138,1.40125E+11,1.75156E+11,0.004418,72.64964
sh600000,2014/1/10,9.28,9.45,9.24,9.41,0.012917,93379978,875061947,1.40423E+11,1.75529E+11,0.006258,72.804349
sh600000,2014/1/9,9.2,9.44,9.16,9.29,0.009783,109976763,1025797662,1.38633E+11,1.73291E+11,0.00737,71.875928
sh600000,2014/1/8,9.14,9.32,9.11,9.2,0.006565,78603481,724415950,1.3729E+11,1.71612E+11,0.005267,71.179578
sh600000,2014/1/7,9.17,9.21,9.01,9.14,-0.005441,72150947,657895513,1.36394E+11,1.70493E+11,0.004835,70.715332
sh600000,2014/1/6,9.31,9.34,9.13,9.19,0.00547,117267700,1079925474,1.3714E+11,1.71425E+11,0.007858,71.102199
sh600000,2014/1/3,9.28,9.3,9.08,9.14,-0.020364,88351969,807094466,1.36394E+11,1.70493E+11,0.005921,70.715386
sh600000,2014/1/2,9.44,9.45,9.29,9.33,-0.010604,69821037,652410783,1.3923E+11,1.74037E+11,0.004679,72.185369
sh600000,2013/12/31,9.21,9.53,9.17,9.43,0.025,107237045,1006340928,1.40722E+11,1.75902E+11,0.007186,72.959026
sh600000,2013/12/30,9.3,9.32,9.19,9.2,-0.004329,70408751,650877060,1.3729E+11,1.71612E+11,0.004718,71.179538
sh600000,2013/12/27,9.09,9.32,9.08,9.24,0.016502,88052311,811334784,1.37886E+11,1.72358E+11,0.005901,71.489014
sh600000,2013/12/26,9.26,9.27,9.06,9.09,-0.019417,82518650,753839548,1.35648E+11,1.6956E+11,0.00553,70.328454
sh600000,2013/12/25,9.33,9.35,9.15,9.27,-0.007495,89003265,821820569,1.38334E+11,1.72918E+11,0.005964,71.721062
sh600000,2013/12/24,9.37,9.41,9.25,9.34,0,71802936,671259994,1.39379E+11,1.74223E+11,0.004812,72.26267
sh600000,2013/12/23,9.41,9.48,9.31,9.34,-0.002137,63014853,590896792,1.39379E+11,1.74223E+11,0.004223,72.26267
sh600000,2013/12/20,9.63,9.64,9.34,9.36,-0.026015,107593841,1018130466,1.39677E+11,1.74596E+11,0.00721,72.417426
sh600000,2013/12/19,9.75,9.78,9.6,9.61,-0.010299,71003510,687152711,1.43408E+11,1.7926E+11,0.004758,74.351685
sh600000,2013/12/18,9.71,9.8,9.68,9.71,0.002064,55191766,536799930,1.449E+11,1.81125E+11,0.003698,75.125402
sh600000,2013/12/17,9.76,9.77,9.66,9.69,-0.005133,78126226,758108126,1.44602E+11,1.80752E+11,0.005235,74.970662
sh600000,2013/12/16,9.85,9.97,9.72,9.74,-0.009156,119802106,1177159749,1.45348E+11,1.81685E+11,0.008028,75.357472
sh600000,2013/12/13,9.84,9.85,9.77,9.83,-0.005061,98124624,963431279,1.46691E+11,1.83364E+11,0.006575,76.053821
sh600000,2013/12/12,9.91,9.96,9.87,9.88,-0.005035,89839025,889730892,1.47437E+11,1.84296E+11,0.00602,76.440687
sh600000,2013/12/11,10.11,10.13,9.91,9.93,-0.02071,127176728,1268123946,1.48183E+11,1.85229E+11,0.008522,76.827514
sh600000,2013/12/10,10.12,10.21,10.08,10.14,0.002967,89476538,907205499,1.51317E+11,1.89146E+11,0.005996,78.45226
sh600000,2013/12/9,10.21,10.25,10.08,10.11,-0.010763,111336390,1127426955,1.50869E+11,1.88587E+11,0.007461,78.220181
sh600000,2013/12/6,10.34,10.34,10.13,10.22,-0.01256,157734044,1611228726,1.52511E+11,1.90638E+11,0.01057,79.071225
sh600000,2013/12/5,10.4,10.44,10.28,10.35,-0.004808,150565456,1557557550,1.54451E+11,1.93063E+11,0.01009,80.076992
sh600000,2013/12/4,10.24,10.57,10.2,10.4,0.013645,283303320,2951386526,1.55197E+11,1.93996E+11,0.018985,80.463862
sh600000,2013/12/3,10.27,10.34,10.14,10.26,-0.005814,178953713,1832350266,1.53108E+11,1.91385E+11,0.011992,79.380712
sh600000,2013/12/2,10.1,10.34,9.99,10.32,0.033033,408952609,4162905229,1.54003E+11,1.92504E+11,0.027405,79.844931
sh600000,2013/11/29,10.06,10.12,9.96,9.99,0.003012,112491968,1128740871,1.49079E+11,1.86348E+11,0.007538,77.291752
sh600000,2013/11/28,9.95,10.06,9.9,9.96,0.003021,121839005,1217508434,1.48631E+11,1.85789E+11,0.008165,77.059648
sh600000,2013/11/27,9.87,10.08,9.76,9.93,0.00303,134357122,1332415710,1.48183E+11,1.85229E+11,0.009003,76.827552
sh600000,2013/11/26,9.9,10.03,9.88,9.9,-0.003021,72857686,724350734,1.47735E+11,1.84669E+11,0.004882,76.595468
sh600000,2013/11/25,9.99,10.11,9.92,9.93,-0.012922,96767050,967272350,1.48183E+11,1.85229E+11,0.006485,76.827564
sh600000,2013/11/22,10.05,10.11,9.98,10.06,-0.000993,131116961,1317526601,1.50123E+11,1.87654E+11,0.008786,77.833326
sh600000,2013/11/21,10,10.08,9.78,10.07,0.00199,172340745,1708643966,1.50272E+11,1.8784E+11,0.011549,77.910692
sh600000,2013/11/20,10.01,10.18,9.97,10.05,0.008024,125986570,1265362952,1.49974E+11,1.87467E+11,0.008443,77.755957
sh600000,2013/11/19,10.1,10.1,9.95,9.97,-0.012871,128516630,1286050557,1.4878E+11,1.85975E+11,0.008612,77.13701
sh600000,2013/11/18,9.75,10.11,9.66,10.1,0.043388,231275931,2289354073,1.5072E+11,1.884E+11,0.015498,78.142786
sh600000,2013/11/15,9.49,9.85,9.48,9.68,0.020021,180564555,1753424283,1.44452E+11,1.80566E+11,0.0121,74.893315
sh600000,2013/11/14,9.6,9.68,9.39,9.49,-0.01556,169111025,1601513585,1.41617E+11,1.77021E+11,0.011332,73.423307
sh600000,2013/11/13,10.04,10.05,9.63,9.64,-0.047431,208714474,2049839119,1.43856E+11,1.79819E+11,0.013986,74.583831
sh600000,2013/11/12,10.01,10.19,10,10.12,0.015045,119655182,1209294436,1.51019E+11,1.88773E+11,0.008018,78.297563
sh600000,2013/11/11,9.99,10.02,9.9,9.97,-0.001002,79759246,793983216,1.4878E+11,1.85975E+11,0.005345,77.137036
sh600000,2013/11/8,10.02,10.1,9.93,9.98,-0.006965,110388788,1104891677,1.48929E+11,1.86162E+11,0.007397,77.214405
sh600000,2013/11/7,10.08,10.19,9.97,10.05,0.001994,114983822,1158380382,1.49974E+11,1.87467E+11,0.007705,77.755975
sh600000,2013/11/6,10.07,10.2,10,10.03,-0.016667,151026564,1522867126,1.49675E+11,1.87094E+11,0.010121,77.601238
sh600000,2013/11/5,10.22,10.25,10.04,10.2,-0.009709,172536527,1747250983,1.52212E+11,1.90265E+11,0.011562,78.91654
sh600000,2013/11/4,10.48,10.54,10.26,10.3,-0.011516,138786390,1438550559,1.53705E+11,1.92131E+11,0.0093,79.690253
sh600000,2013/11/1,10.32,10.53,10.23,10.42,0.008712,164057262,1704932182,1.55495E+11,1.94369E+11,0.010994,80.618657
sh600000,2013/10/31,10.58,10.6,10.31,10.33,-0.024551,211637554,2206625469,1.54152E+11,1.9269E+11,0.014182,79.922374
sh600000,2013/10/30,10.48,10.62,10.31,10.59,0.010496,301165849,3162162382,1.58032E+11,1.9754E+11,0.020182,81.933934
sh600000,2013/10/29,10.22,10.69,10.18,10.48,0.032512,494214050,5150564497,1.56391E+11,1.95488E+11,0.033118,81.082888
sh600000,2013/10/28,10.08,10.22,9.92,10.15,0.007944,164098118,1650688533,1.51466E+11,1.89333E+11,0.010996,78.529729
sh600000,2013/10/25,10.01,10.26,9.99,10.07,0.009018,256524257,2593128919,1.50272E+11,1.8784E+11,0.01719,77.910806
sh600000,2013/10/24,9.96,10.16,9.82,9.98,-0.003992,170003394,1700451825,1.48929E+11,1.86162E+11,0.011392,77.214486
sh600000,2013/10/23,9.95,10.35,9.91,10.02,0.009063,260513178,2639944209,1.49526E+11,1.86908E+11,0.017457,77.523961
sh600000,2013/10/22,10.11,10.11,9.86,9.93,-0.018775,156011435,1554175494,1.48183E+11,1.85229E+11,0.010455,76.827672
sh600000,2013/10/21,9.95,10.16,9.8,10.12,0.024291,211850917,2123854885,1.51019E+11,1.88773E+11,0.014196,78.297712
sh600000,2013/10/18,9.82,10.06,9.8,9.88,0.00611,129849775,1290361115,1.47437E+11,1.84296E+11,0.008701,76.440886
sh600000,2013/10/17,10.01,10.07,9.81,9.82,-0.009082,145253461,1440499464,1.46542E+11,1.83177E+11,0.009734,75.976669
sh600000,2013/10/16,10.09,10.09,9.82,9.91,-0.019782,217322904,2160308473,1.47885E+11,1.84856E+11,0.014563,76.673013
sh600000,2013/10/15,10.3,10.35,10.02,10.11,-0.017493,212323978,2155489652,1.50869E+11,1.88587E+11,0.014228,78.220368
sh600000,2013/10/14,10.45,10.5,10.25,10.29,-0.024645,274009307,2834786588,1.53555E+11,1.91944E+11,0.018362,79.613039
sh600000,2013/10/11,10.1,10.65,10,10.55,0.057114,441961264,4582589758,1.57435E+11,1.96794E+11,0.029617,81.624679
sh600000,2013/10/10,10.3,10.35,9.93,9.98,-0.028238,249225016,2508885945,1.48929E+11,1.86162E+11,0.016701,77.214642
sh600000,2013/10/9,10.1,10.46,10.07,10.27,0.00391,244015218,2503190590,1.53257E+11,1.91571E+11,0.016352,79.458388
sh600000,2013/10/8,10.03,10.33,9.88,10.23,0.013875,258444174,2618477427,1.5266E+11,1.90825E+11,0.017319,79.148916
sh600000,2013/9/30,10.34,10.37,10.02,10.09,-0.014648,256510906,2609512399,1.50571E+11,1.88214E+11,0.017189,78.065754
sh600000,2013/9/27,10.11,10.33,10.05,10.24,0.006883,243782409,2485876805,1.52809E+11,1.91012E+11,0.016336,79.22626
sh600000,2013/9/26,10.75,10.76,10.07,10.17,-0.056586,448493838,4639913820,1.51765E+11,1.89706E+11,0.030054,78.684673
sh600000,2013/9/25,10.74,11.18,10.69,10.78,-0.002775,384146137,4206311478,1.60868E+11,2.01084E+11,0.025742,83.404182
sh600000,2013/9/24,11.19,11.2,10.57,10.81,-0.033095,476900620,5154101324,1.61315E+11,2.01644E+11,0.031958,83.636273
sh600000,2013/9/23,11.05,11.2,10.8,11.18,0.016364,453630138,4987201249,1.66837E+11,2.08546E+11,0.030399,86.498956
sh600000,2013/9/18,10.95,11.19,10.83,11,0.015697,400172137,4413153554,1.64151E+11,2.05188E+11,0.026816,85.106277
sh600000,2013/9/17,11.41,11.48,10.77,10.83,-0.057441,511737943,5694768142,1.61614E+11,2.02017E+11,0.034292,83.791009
sh600000,2013/9/16,12,12.02,11.23,11.49,-0.035264,699493335,8064946319,1.71463E+11,2.14328E+11,0.046874,88.897363
sh600000,2013/9/13,12.08,12.27,11.73,11.91,-0.027755,661646551,7947104255,1.7773E+11,2.22163E+11,0.044338,92.146828
sh600000,2013/9/12,11.3,12.4,11.16,12.25,0.086957,1041527543,12498180262,1.82804E+11,2.28505E+11,0.069794,94.777374
sh600000,2013/9/11,11.21,11.47,11.2,11.27,-0.011404,603551016,6834516257,1.6818E+11,2.10225E+11,0.040445,87.195146
sh600000,2013/9/10,11,11.49,10.77,11.4,0.082621,1198024109,13328930206,1.7012E+11,2.1265E+11,0.080282,88.20099
sh600000,2013/9/9,10.28,10.53,10.18,10.53,0.100313,580189224,6069489608,1.57137E+11,1.96421E+11,0.038879,81.469868
sh600000,2013/9/6,9.15,9.87,9.12,9.57,0.048193,301015112,2850092331,1.42811E+11,1.78514E+11,0.020172,74.042448
sh600000,2013/9/5,9.19,9.19,9.06,9.13,-0.001094,93544409,852833065,1.36245E+11,1.70306E+11,0.006269,70.638182
sh600000,2013/9/4,9.04,9.24,9.03,9.14,0.005501,142450054,1305299487,1.36394E+11,1.70493E+11,0.009546,70.715545
sh600000,2013/9/3,8.96,9.12,8.89,9.09,0.013378,140383661,1269355850,1.35648E+11,1.6956E+11,0.009407,70.328667
sh600000,2013/9/2,9.11,9.29,8.95,8.97,-0.002225,141236900,1281805081,1.33857E+11,1.67322E+11,0.009465,69.400231
sh600000,2013/8/30,8.86,9.05,8.76,8.99,0.007848,129143351,1152526345,1.34156E+11,1.67695E+11,0.008654,69.554991
sh600000,2013/8/29,9.11,9.21,8.86,8.92,-0.008889,146496955,1320039144,1.33111E+11,1.66389E+11,0.009817,69.013374
sh600000,2013/8/28,8.88,9.15,8.79,9,0.005587,243574963,2194823813,1.34305E+11,1.67881E+11,0.016322,69.632336
sh600000,2013/8/27,8.75,9.05,8.7,8.95,0.024027,224672933,2001682217,1.33559E+11,1.66949E+11,0.015056,69.245461
sh600000,2013/8/26,8.45,8.78,8.4,8.74,0.038005,161720147,1399048031,1.30425E+11,1.63031E+11,0.010837,67.620738
sh600000,2013/8/23,8.54,8.63,8.25,8.42,-0.00237,117530030,995509250,1.2565E+11,1.57062E+11,0.007876,65.144906
sh600000,2013/8/22,8.41,8.62,8.4,8.44,-0.001183,60326480,513025402,1.25948E+11,1.57435E+11,0.004043,65.299666
sh600000,2013/8/21,8.53,8.58,8.37,8.45,-0.007051,65732224,554832999,1.26097E+11,1.57622E+11,0.004405,65.377007
sh600000,2013/8/20,8.42,8.78,8.39,8.51,0.007101,153605678,1314061899,1.26993E+11,1.58741E+11,0.010293,65.841253
sh600000,2013/8/19,8.24,8.5,8.23,8.45,0.016847,124704778,1044624757,1.26097E+11,1.57622E+11,0.008357,65.377011
sh600000,2013/8/16,8.17,9.04,8.15,8.31,0.010949,264712593,2254296108,1.24008E+11,1.5501E+11,0.017739,64.293853
sh600000,2013/8/15,8.31,8.37,8.2,8.22,-0.01083,67134769,556547154,1.22665E+11,1.53332E+11,0.004499,63.597523
sh600000,2013/8/14,8.44,8.53,8.3,8.31,-0.013064,121903670,1025898643,1.24008E+11,1.5501E+11,0.008169,64.293826
sh600000,2013/8/13,8.3,8.43,8.27,8.42,0.013237,118672580,991814171,1.2565E+11,1.57062E+11,0.007952,65.144878
sh600000,2013/8/12,8.04,8.32,8.01,8.31,0.037453,142760853,1171789122,1.24008E+11,1.5501E+11,0.009567,64.293821
sh600000,2013/8/9,8.05,8.08,7.96,8.01,0.002503,55483572,444645232,1.19531E+11,1.49414E+11,0.003718,61.972755
sh600000,2013/8/8,8.01,8.07,7.95,7.99,-0.002497,54611350,436833724,1.19233E+11,1.49041E+11,0.00366,61.818025
sh600000,2013/8/7,8.03,8.14,8,8.01,-0.002491,68679917,553785268,1.19531E+11,1.49414E+11,0.004602,61.972771
sh600000,2013/8/6,8.03,8.08,7.98,8.03,-0.003722,82798496,664260262,1.1983E+11,1.49787E+11,0.005548,62.127531
sh600000,2013/8/5,7.98,8.07,7.95,8.06,0.010025,53056118,425459707,1.20278E+11,1.50347E+11,0.003555,62.359633
sh600000,2013/8/2,8.06,8.12,7.97,7.98,-0.001252,57767151,463891788,1.19084E+11,1.48855E+11,0.003871,61.740683
sh600000,2013/8/1,7.92,8.02,7.87,7.99,0.016539,58959381,469433179,1.19233E+11,1.49041E+11,0.003951,61.818079
sh600000,2013/7/31,7.91,8.02,7.82,7.86,0.002551,50335414,397874860,1.17293E+11,1.46616E+11,0.003373,60.812304
sh600000,2013/7/30,7.78,7.96,7.74,7.84,0.01292,68907635,540970736,1.16995E+11,1.46243E+11,0.004618,60.657567
sh600000,2013/7/29,7.9,7.9,7.71,7.74,-0.028858,84518514,655293169,1.15502E+11,1.44378E+11,0.005664,59.883867
sh600000,2013/7/26,7.98,8.01,7.94,7.97,-0.006234,42800503,341110312,1.18935E+11,1.48668E+11,0.002868,61.663348
sh600000,2013/7/25,8.02,8.11,7.96,8.02,0.0025,62010839,497968427,1.19681E+11,1.49601E+11,0.004155,62.050169
sh600000,2013/7/24,8.04,8.09,7.9,8,-0.017199,87410550,697536435,1.19382E+11,1.49228E+11,0.005858,61.89543
sh600000,2013/7/23,7.99,8.23,7.94,8.14,0.023899,115906521,942643003,1.21471E+11,1.51839E+11,0.007767,62.978599
sh600000,2013/7/22,7.9,7.99,7.82,7.95,-0.009963,95552055,754153139,1.18636E+11,1.48295E+11,0.006403,61.508605
sh600000,2013/7/19,8.22,8.24,8.02,8.03,-0.020732,76242268,619426708,1.1983E+11,1.49787E+11,0.005109,62.127582
sh600000,2013/7/18,8.41,8.45,8.16,8.2,-0.029586,99044377,818192316,1.22367E+11,1.52958E+11,0.006637,63.44288
sh600000,2013/7/17,8.52,8.55,8.38,8.45,-0.010539,79489709,673336873,1.26097E+11,1.57622E+11,0.005327,65.377128
sh600000,2013/7/16,8.52,8.55,8.41,8.54,-0.002336,78430472,664317070,1.27441E+11,1.59301E+11,0.005256,66.073476
sh600000,2013/7/15,8.55,8.71,8.41,8.56,0.008245,103850924,891216119,1.27739E+11,1.59674E+11,0.006959,66.228185
sh600000,2013/7/12,8.76,8.85,8.43,8.49,-0.041761,162211373,1400965676,1.26694E+11,1.58368E+11,0.01087,65.686599
sh600000,2013/7/11,8.17,8.92,8.17,8.86,0.092478,274152438,2369026958,1.32216E+11,1.6527E+11,0.018371,68.549286
sh600000,2013/7/10,7.95,8.13,7.9,8.11,0.02399,60829122,488041464,1.21024E+11,1.5128E+11,0.004076,62.746605
sh600000,2013/7/9,7.92,7.96,7.88,7.92,0.001264,40964528,324418293,1.18188E+11,1.47735E+11,0.002745,61.27658
sh600000,2013/7/8,8,8.05,7.9,7.91,-0.024661,63977579,508688886,1.18039E+11,1.47549E+11,0.004287,61.199224
sh600000,2013/7/5,8.11,8.22,8.08,8.11,-0.001232,58764344,477728564,1.21024E+11,1.5128E+11,0.003938,62.746619
sh600000,2013/7/4,8.06,8.28,8.02,8.12,0.00995,85794489,697456116,1.21173E+11,1.51466E+11,0.005749,62.824018
sh600000,2013/7/3,8.1,8.11,7.97,8.04,-0.013497,69690313,560255121,1.19979E+11,1.49974E+11,0.00467,62.205077
sh600000,2013/7/2,8.18,8.22,7.95,8.15,-0.002448,84019573,677872934,1.21621E+11,1.52026E+11,0.00563,63.056146
sh600000,2013/7/1,8.22,8.27,8.07,8.17,-0.013285,86027064,702497388,1.21919E+11,1.52399E+11,0.005765,63.210886
sh600000,2013/6/28,7.82,8.3,7.76,8.28,0.050761,157753950,1276035956,1.23561E+11,1.54451E+11,0.010571,64.061949
sh600000,2013/6/27,7.85,7.92,7.7,7.88,0.014157,125823284,982597070,1.17591E+11,1.46989E+11,0.008432,60.967194
sh600000,2013/6/26,7.9,7.95,7.63,7.77,-0.003846,130788936,1016856736,1.1595E+11,1.44937E+11,0.008764,60.11613
sh600000,2013/6/25,7.45,7.84,7.18,7.8,0.037234,246601203,1856925606,1.16398E+11,1.45497E+11,0.016525,60.348229
sh600000,2013/6/24,8.29,8.29,7.5,7.52,-0.091787,249977361,1942163889,1.12219E+11,1.40274E+11,0.016751,58.181885
sh600000,2013/6/21,8.31,8.47,8.22,8.28,-0.016627,147442615,1229287083,1.23561E+11,1.54451E+11,0.00988,64.061938
sh600000,2013/6/20,8.86,8.86,8.4,8.42,-0.052868,137571510,1178952736,1.2565E+11,1.57062E+11,0.009219,65.145105
sh600000,2013/6/19,9.05,9.05,8.82,8.89,-0.019846,53104791,473179675,1.32663E+11,1.65829E+11,0.003559,68.781443
sh600000,2013/6/18,9.05,9.12,9.01,9.07,0.006659,40358845,365844138,1.3535E+11,1.69187E+11,0.002705,70.174118
sh600000,2013/6/17,9.05,9.1,8.96,9.01,-0.001109,52039165,469144449,1.34454E+11,1.68068E+11,0.003487,69.70992
sh600000,2013/6/14,9.07,9.07,8.98,9.02,0,77530686,699500719,1.34603E+11,1.68254E+11,0.005195,69.787314
sh600000,2013/6/13,9.25,9.25,8.91,9.02,-0.035294,127820275,1152185130,1.34603E+11,1.68254E+11,0.008565,69.787314
sh600000,2013/6/7,9.51,9.57,9.32,9.35,-0.010582,72344081,682011573,1.39528E+11,1.7441E+11,0.004848,72.3405
sh600000,2013/6/6,9.61,9.67,9.42,9.45,-0.020725,72417597,688813179,1.4102E+11,1.76275E+11,0.004853,73.114194
sh600000,2013/6/5,9.74,9.77,9.6,9.65,-0.00924,56405768,545296050,1.44005E+11,1.80006E+11,0.00378,74.661555
sh600000,2013/6/4,9.89,9.89,9.7,9.74,-0.010163,60164557,587136100,1.45348E+11,1.81685E+11,0.004032,75.357861
sh600000,2013/6/3,9.97,10.01,9.81,9.84,-0.007641,83186090,823621313,1.4684E+11,1.8355E+11,0.005574,76.131587
sh600000,2013/5/31,10.56,10.62,10.46,10.47,-0.006641,101875600,1074952868,1.56241E+11,1.95302E+11,0.006827,76.717787
sh600000,2013/5/30,10.48,10.62,10.47,10.54,0.001901,89454796,942531006,1.57286E+11,1.96608E+11,0.005995,77.230676
sh600000,2013/5/29,10.58,10.62,10.51,10.52,-0.002844,91459014,966132051,1.56988E+11,1.96235E+11,0.006129,77.084139
sh600000,2013/5/28,10.3,10.56,10.25,10.55,0.025267,111377099,1160468763,1.57435E+11,1.96794E+11,0.007464,77.303992
sh600000,2013/5/27,10.21,10.33,10.18,10.29,0.008824,69546991,714504542,1.53555E+11,1.91944E+11,0.00466,75.398888
sh600000,2013/5/24,10.2,10.28,10.1,10.2,0.004926,63230983,644944802,1.52212E+11,1.90265E+11,0.004237,74.739388
sh600000,2013/5/23,10.29,10.33,10.15,10.15,-0.02027,82484743,845485658,1.51466E+11,1.89333E+11,0.005527,74.373026
sh600000,2013/5/22,10.33,10.38,10.28,10.36,0.001934,71207689,734819190,1.546E+11,1.9325E+11,0.004772,75.911757
sh600000,2013/5/21,10.38,10.42,10.24,10.34,-0.006724,91775245,946356975,1.54302E+11,1.92877E+11,0.00615,75.765228
sh600000,2013/5/20,10.26,10.54,10.2,10.41,0.016602,156851179,1632285383,1.55346E+11,1.94183E+11,0.010511,76.278122
sh600000,2013/5/17,10.15,10.28,10.05,10.24,0.008867,122955149,1250713166,1.52809E+11,1.91012E+11,0.008239,75.032433
sh600000,2013/5/16,9.99,10.16,9.84,10.15,0.016016,111647303,1120193847,1.51466E+11,1.89333E+11,0.007482,74.372968
sh600000,2013/5/15,9.98,10.02,9.93,9.99,0.002006,47275904,471747480,1.49079E+11,1.86348E+11,0.003168,73.200587
sh600000,2013/5/14,10.03,10.05,9.93,9.97,-0.00499,67348057,671548085,1.4878E+11,1.85975E+11,0.004513,73.054041
sh600000,2013/5/13,10.02,10.11,9.93,10.02,-0.000997,66994306,670319776,1.49526E+11,1.86908E+11,0.004489,73.420409
sh600000,2013/5/10,9.93,10.06,9.89,10.03,0.006018,63127003,630968308,1.49675E+11,1.87094E+11,0.00423,73.493682
sh600000,2013/5/9,10.06,10.08,9.89,9.97,-0.00796,64667334,644949072,1.4878E+11,1.85975E+11,0.004333,73.054043
sh600000,2013/5/8,10.12,10.2,10.01,10.05,-0.000994,72153519,728615180,1.49974E+11,1.87467E+11,0.004835,73.640219
sh600000,2013/5/7,10.09,10.1,9.98,10.06,-0.00691,60095952,603143645,1.50123E+11,1.87654E+11,0.004027,73.71349
sh600000,2013/5/6,10.03,10.21,9.97,10.13,0.011988,87865272,888293829,1.51168E+11,1.8896E+11,0.005888,74.226395
sh600000,2013/5/3,9.87,10.17,9.83,10.01,0.019348,109373480,1097528959,1.49377E+11,1.86721E+11,0.007329,73.347109
sh600000,2013/5/2,9.77,9.86,9.66,9.82,-0.006073,80667825,786928394,1.46542E+11,1.83177E+11,0.005406,71.954926
sh600000,2013/4/26,9.96,10.01,9.85,9.88,-0.003027,52806428,524919890,1.47437E+11,1.84296E+11,0.003539,72.394578
sh600000,2013/4/25,10,10.07,9.82,9.91,-0.011964,74320334,737540033,1.47885E+11,1.84856E+11,0.00498,72.614382
sh600000,2013/4/24,9.86,10.15,9.77,10.03,0.019309,105005043,1045917590,1.49675E+11,1.87094E+11,0.007037,73.49366
sh600000,2013/4/23,10.28,10.29,9.8,9.84,-0.037182,108826815,1083711298,1.4684E+11,1.8355E+11,0.007293,72.101453
sh600000,2013/4/22,10.11,10.22,10.1,10.22,0.00789,123343744,1254891723,1.52511E+11,1.90638E+11,0.008265,74.885859
sh600000,2013/4/19,9.65,10.19,9.62,10.14,0.05296,178675031,1778831224,1.51317E+11,1.89146E+11,0.011973,74.299635
sh600000,2013/4/18,9.46,9.66,9.42,9.63,0.004171,103421937,985199538,1.43706E+11,1.79633E+11,0.00693,70.562637
sh600000,2013/4/17,9.74,9.74,9.52,9.59,-0.0154,86278542,829038302,1.43109E+11,1.78887E+11,0.005782,70.269543
sh600000,2013/4/16,9.75,9.83,9.6,9.74,-0.009156,126274720,1224441887,1.45348E+11,1.81685E+11,0.008462,71.36862
sh600000,2013/4/15,9.94,9.99,9.79,9.83,-0.011066,75763623,747795127,1.46691E+11,1.83364E+11,0.005077,72.028109
sh600000,2013/4/12,10.03,10.06,9.9,9.94,-0.007984,41832297,417375283,1.48332E+11,1.85416E+11,0.002803,72.834091
sh600000,2013/4/11,10.08,10.12,10,10.02,0.002,43303750,435013681,1.49526E+11,1.86908E+11,0.002902,73.420279
sh600000,2013/4/10,10.03,10.04,9.92,10,-0.003984,54586848,544630505,1.49228E+11,1.86535E+11,0.003658,73.273731
sh600000,2013/4/9,9.96,10.12,9.96,10.04,0.012097,65806596,660726025,1.49825E+11,1.87281E+11,0.00441,73.566822
sh600000,2013/4/8,9.87,9.99,9.7,9.92,-0.013917,89499064,883268138,1.48034E+11,1.85042E+11,0.005997,72.687521
sh600000,2013/4/3,10.05,10.15,9.95,10.06,0.002991,88765772,892637729,1.50123E+11,1.87654E+11,0.005948,73.71339
sh600000,2013/4/2,10.07,10.17,9.94,10.03,-0.00199,83681538,840890523,1.49675E+11,1.87094E+11,0.005608,73.493571
sh600000,2013/4/1,10.06,10.2,10.03,10.05,-0.007897,76052116,767292300,1.49974E+11,1.87467E+11,0.005096,73.640114
sh600000,2013/3/29,10.03,10.21,9.91,10.13,0.010978,131028762,1315731616,1.51168E+11,1.8896E+11,0.00878,74.226279
sh600000,2013/3/28,10.2,10.25,9.68,10.02,-0.068773,298069476,2992135427,1.49526E+11,1.86908E+11,0.019974,73.420272
sh600000,2013/3/27,10.71,10.95,10.63,10.76,0.005607,113814685,1225592652,1.60569E+11,2.00711E+11,0.007627,78.842507
sh600000,2013/3/26,10.98,10.99,10.65,10.7,-0.030797,126327261,1358261944,1.59674E+11,1.99592E+11,0.008465,78.402902
sh600000,2013/3/25,11.13,11.24,11,11.04,-0.001808,89020579,986945885,1.64747E+11,2.05934E+11,0.005965,80.894201
sh600000,2013/3/22,11.01,11.11,10.95,11.06,-0.003604,122824527,1356165867,1.65046E+11,2.06307E+11,0.008231,81.040723
sh600000,2013/3/21,11.2,11.28,10.94,11.1,-0.008043,193267919,2143848514,1.65643E+11,2.07054E+11,0.012951,81.33385
sh600000,2013/3/20,10.68,11.2,10.65,11.19,0.050704,253698290,2793678441,1.66986E+11,2.08732E+11,0.017001,81.993322
sh600000,2013/3/19,10.47,10.66,10.43,10.65,0.016221,114470221,1207222485,1.58928E+11,1.98659E+11,0.007671,78.036557
sh600000,2013/3/18,10.44,10.64,10.39,10.48,-0.002854,142604467,1499673028,1.56391E+11,1.95488E+11,0.009556,76.790931
sh600000,2013/3/15,10.47,10.93,10.38,10.51,0.005742,214299272,2283442403,1.56838E+11,1.96048E+11,0.014361,77.010719
sh600000,2013/3/14,10.4,10.56,10.27,10.45,0.019512,163419368,1707645843,1.55943E+11,1.94929E+11,0.010951,76.571048
sh600000,2013/3/13,10.29,10.42,10.11,10.25,-0.003887,105764431,1083876595,1.52958E+11,1.91198E+11,0.007087,75.105588
sh600000,2013/3/12,10.46,10.65,10.18,10.29,-0.017192,132298619,1371021517,1.53555E+11,1.91944E+11,0.008866,75.398663
sh600000,2013/3/11,10.67,10.67,10.41,10.47,-0.022409,94081221,990803399,1.56241E+11,1.95302E+11,0.006305,76.717592
sh600000,2013/3/8,10.81,10.88,10.6,10.71,-0.004647,103046487,1106726782,1.59823E+11,1.99779E+11,0.006905,78.476164
sh600000,2013/3/7,11.02,11.1,10.51,10.76,-0.031503,191555154,2072717387,1.60569E+11,2.00711E+11,0.012836,78.842545
sh600000,2013/3/6,11.16,11.31,10.96,11.11,0.003613,205631621,2289024741,1.65792E+11,2.0724E+11,0.01378,81.407114
sh600000,2013/3/5,10.36,11.22,10.36,11.07,0.065448,233607734,2525017018,1.65195E+11,2.06494E+11,0.015654,81.114049
sh600000,2013/3/4,10.86,10.9,10.27,10.39,-0.06983,261002023,2758781288,1.55048E+11,1.9381E+11,0.01749,76.131401
sh600000,2013/3/1,11.07,11.31,10.8,11.17,0.009946,223208905,2475460511,1.66687E+11,2.08359E+11,0.014958,81.84676
sh600000,2013/2/28,10.55,11.07,10.39,11.06,0.064485,224658466,2416913062,1.65046E+11,2.06307E+11,0.015055,81.040729
sh600000,2013/2/27,10.36,10.7,10.31,10.39,0.005808,158815735,1662077351,1.55048E+11,1.9381E+11,0.010643,76.131396
sh600000,2013/2/26,10.2,10.76,10.15,10.33,0.000969,238592674,2515148260,1.54152E+11,1.9269E+11,0.015988,75.691778
sh600000,2013/2/25,10.21,10.4,10.2,10.32,0.017751,116274545,1198145581,1.54003E+11,1.92504E+11,0.007792,75.618504
sh600000,2013/2/22,10.19,10.34,10.08,10.14,-0.007828,143226433,1463429410,1.51317E+11,1.89146E+11,0.009598,74.299611
sh600000,2013/2/21,10.65,10.68,10,10.22,-0.054579,290791316,2996527715,1.52511E+11,1.90638E+11,0.019486,74.885817
sh600000,2013/2/20,11.1,11.12,10.58,10.81,-0.026126,264523040,2849978249,1.61315E+11,2.01644E+11,0.017726,79.208963
sh600000,2013/2/19,11.23,11.31,11.07,11.1,-0.01421,114565262,1279590709,1.65643E+11,2.07054E+11,0.007677,81.333893
sh600000,2013/2/18,11.42,11.5,11.19,11.26,-0.007055,119051849,1348960810,1.6803E+11,2.10038E+11,0.007978,82.506307
sh600000,2013/2/8,11.4,11.45,11.06,11.34,-0.007874,195904902,2214211012,1.69224E+11,2.1153E+11,0.013128,83.092525
sh600000,2013/2/7,12,12.02,11.17,11.43,-0.0475,315193605,3634915098,1.70567E+11,2.13209E+11,0.021122,83.751988
sh600000,2013/2/6,11.85,12.05,11.72,12,0.010952,133748186,1595335908,1.79073E+11,2.23842E+11,0.008963,87.928597
sh600000,2013/2/5,11.91,12,11.65,11.87,-0.01657,176944688,2098278652,1.77133E+11,2.21417E+11,0.011857,86.976035
sh600000,2013/2/4,11.98,12.27,11.83,12.07,0.010042,271540507,3269293147,1.80118E+11,2.25147E+11,0.018196,88.441511
sh600000,2013/2/1,11.41,11.97,11.31,11.95,0.040941,223157195,2595572299,1.78327E+11,2.22909E+11,0.014954,87.562211
sh600000,2013/1/31,11.24,11.5,11.12,11.48,0.021352,181147190,2051351346,1.71313E+11,2.14142E+11,0.012139,84.118323
sh600000,2013/1/30,11.29,11.36,11.09,11.24,-0.00531,172171454,1933404997,1.67732E+11,2.09665E+11,0.011537,82.359777
sh600000,2013/1/29,11.21,11.47,11.11,11.3,0.010733,191067344,2155684299,1.68627E+11,2.10784E+11,0.012804,82.799442
sh600000,2013/1/28,10.66,11.21,10.65,11.18,0.04878,263089195,2903989341,1.66837E+11,2.08546E+11,0.01763,81.920193
sh600000,2013/1/25,10.6,10.68,10.53,10.66,0.004713,89716806,951423104,1.59077E+11,1.98846E+11,0.006012,78.109987
sh600000,2013/1/24,10.6,11.04,10.53,10.61,0.000943,320210498,3446063883,1.58331E+11,1.97913E+11,0.021458,77.743582
sh600000,2013/1/23,10.44,10.62,10.37,10.6,0.01145,155968498,1637582752,1.58181E+11,1.97727E+11,0.010452,77.670339
sh600000,2013/1/22,10.38,10.76,10.25,10.48,0.007692,242222065,2546398122,1.56391E+11,1.95488E+11,0.016232,76.791081
sh600000,2013/1/21,10.2,10.44,10.05,10.4,0.023622,178154882,1826584603,1.55197E+11,1.93996E+11,0.011938,76.204913
sh600000,2013/1/18,10.08,10.25,9.97,10.16,0.012961,129872645,1315677034,1.51615E+11,1.89519E+11,0.008703,74.446341
sh600000,2013/1/17,10.05,10.17,9.88,10.03,-0.008893,116672023,1163327254,1.49675E+11,1.87094E+11,0.007818,73.493788
sh600000,2013/1/16,10.28,10.32,9.98,10.12,-0.020329,156691872,1588121377,1.51019E+11,1.88773E+11,0.0105,74.153233
sh600000,2013/1/15,10.35,10.41,10.22,10.33,-0.001932,134039003,1383536241,1.54152E+11,1.9269E+11,0.008982,75.691975
sh600000,2013/1/14,9.75,10.36,9.75,10.35,0.053971,228634872,2326609986,1.54451E+11,1.93063E+11,0.015321,75.838495
sh600000,2013/1/11,10.07,10.12,9.77,9.82,-0.021912,171547464,1709899032,1.46542E+11,1.83177E+11,0.011496,71.955011
sh600000,2013/1/10,10.11,10.21,9.99,10.04,-0.009862,121226794,1224888956,1.49825E+11,1.87281E+11,0.008124,73.567011
sh600000,2013/1/9,10.09,10.18,9.98,10.14,0.001976,175906181,1774560423,1.51317E+11,1.89146E+11,0.011788,74.299756
sh600000,2013/1/8,10.34,10.35,10.06,10.12,-0.01938,154851189,1573240155,1.51019E+11,1.88773E+11,0.010377,74.153229
sh600000,2013/1/7,10.05,10.34,10.01,10.32,0.02994,248200915,2534161998,1.54003E+11,1.92504E+11,0.016632,75.61872
sh600000,2013/1/4,10.1,10.26,9.93,10.02,0.010081,261436810,2633796691,1.49526E+11,1.86908E+11,0.017519,73.42051
